{"cameraMode":{"drawMode":0,"name":"Shaded","section":"Shading Mode"},"sceneLighting":false,"audioPlay":false,"sceneViewState":{"m_AlwaysRefresh":false,"showFog":true,"showSkybox":false,"showFlares":true,"showImageEffects":true,"showParticleSystems":true,"showVisualEffectGraphs":true,"m_FxEnabled":true},"in2DMode":false,"pivot":{"x":0.06888042390346527,"y":-0.30150723457336428,"z":0.877396821975708},"rotation":{"x":-0.21320316195487977,"y":-0.0011759661138057709,"z":0.0003471601230558008,"w":-0.9772011041641235},"size":2.0016543865203859,"orthographic":false}