{"cameraMode":{"drawMode":0,"name":"Shaded","section":"Shading Mode"},"sceneLighting":false,"audioPlay":false,"sceneViewState":{"m_AlwaysRefresh":false,"showFog":true,"showSkybox":false,"showFlares":true,"showImageEffects":true,"showParticleSystems":true,"showVisualEffectGraphs":true,"m_FxEnabled":true},"in2DMode":false,"pivot":{"x":0.23942804336547852,"y":-0.5871419906616211,"z":0.777097225189209},"rotation":{"x":-0.2002255916595459,"y":0.10881024599075318,"z":-0.022285012528300287,"w":-0.9736283421516419},"size":3.5016541481018068,"orthographic":false}