{"cameraMode":{"drawMode":0,"name":"Shaded","section":"Shading Mode"},"sceneLighting":false,"audioPlay":false,"sceneViewState":{"m_AlwaysRefresh":false,"showFog":true,"showSkybox":false,"showFlares":true,"showImageEffects":true,"showParticleSystems":true,"showVisualEffectGraphs":true,"m_FxEnabled":true},"in2DMode":false,"pivot":{"x":0.45878034830093386,"y":-0.06253236532211304,"z":0.12035232782363892},"rotation":{"x":-0.09366213530302048,"y":-0.6214448809623718,"z":0.0750906839966774,"w":-0.7744817733764648},"size":0.7078167200088501,"orthographic":false}