{"cameraMode":{"drawMode":0,"name":"Shaded","section":"Shading Mode"},"sceneLighting":false,"audioPlay":false,"sceneViewState":{"m_AlwaysRefresh":false,"showFog":true,"showSkybox":false,"showFlares":true,"showImageEffects":true,"showParticleSystems":true,"showVisualEffectGraphs":true,"m_FxEnabled":true},"in2DMode":false,"pivot":{"x":-0.029819700866937639,"y":-0.19171786308288575,"z":-0.0010905265808105469},"rotation":{"x":-0.2958221435546875,"y":0.018905332311987878,"z":-0.005903686862438917,"w":-0.9552632570266724},"size":0.8573920130729675,"orthographic":false}