{"cameraMode":{"drawMode":0,"name":"Shaded","section":"Shading Mode"},"sceneLighting":false,"audioPlay":false,"sceneViewState":{"m_AlwaysRefresh":false,"showFog":true,"showSkybox":false,"showFlares":true,"showImageEffects":true,"showParticleSystems":true,"showVisualEffectGraphs":true,"m_FxEnabled":true},"in2DMode":false,"pivot":{"x":0.051191575825214389,"y":0.004541218280792236,"z":0.148980051279068},"rotation":{"x":-0.08871286362409592,"y":-0.004185743164271116,"z":0.0003267119755037129,"w":-0.9962648749351502},"size":0.5573920011520386,"orthographic":false}