{"cameraMode":{"drawMode":0,"name":"Shaded","section":"Shading Mode"},"sceneLighting":false,"audioPlay":false,"sceneViewState":{"m_AlwaysRefresh":false,"showFog":false,"showSkybox":false,"showFlares":false,"showImageEffects":false,"showParticleSystems":false,"showVisualEffectGraphs":true,"m_FxEnabled":true},"in2DMode":false,"pivot":{"x":-0.18301445245742799,"y":0.36300915479660036,"z":-0.04130840301513672},"rotation":{"x":0.008858948945999146,"y":-0.9847795367240906,"z":0.052044350653886798,"w":0.16611063480377198},"size":0.5585150718688965,"orthographic":false}