{"cameraMode":{"drawMode":0,"name":"Shaded","section":"Shading Mode"},"sceneLighting":false,"audioPlay":false,"sceneViewState":{"m_AlwaysRefresh":false,"showFog":true,"showSkybox":false,"showFlares":true,"showImageEffects":true,"showParticleSystems":true,"showVisualEffectGraphs":true,"m_FxEnabled":true},"in2DMode":false,"pivot":{"x":0.8332850933074951,"y":1.4647384881973267,"z":-0.23543834686279298},"rotation":{"x":0.033855464309453967,"y":-0.1372089982032776,"z":-0.004768999293446541,"w":-0.9901684522628784},"size":2.087982416152954,"orthographic":false}