{"cameraMode":{"drawMode":0,"name":"Shaded","section":"Shading Mode"},"sceneLighting":false,"audioPlay":false,"sceneViewState":{"m_AlwaysRefresh":false,"showFog":true,"showSkybox":false,"showFlares":true,"showImageEffects":true,"showParticleSystems":true,"showVisualEffectGraphs":true,"m_FxEnabled":true},"in2DMode":false,"pivot":{"x":0.7603499889373779,"y":1.2731302976608277,"z":-0.153458833694458},"rotation":{"x":0.030539805069565774,"y":-0.20076517760753632,"z":-0.0063385809771716599,"w":-0.9793614149093628},"size":2.087982416152954,"orthographic":false}