{"cameraMode":{"drawMode":0,"name":"Shaded","section":"Shading Mode"},"sceneLighting":false,"audioPlay":false,"sceneViewState":{"m_AlwaysRefresh":false,"showFog":true,"showSkybox":false,"showFlares":true,"showImageEffects":true,"showParticleSystems":true,"showVisualEffectGraphs":true,"m_FxEnabled":true},"in2DMode":false,"pivot":{"x":1.6912636756896973,"y":0.24837875366210938,"z":4.538885116577148},"rotation":{"x":-0.2011277675628662,"y":0.3833997845649719,"z":-0.08593723177909851,"w":-0.8973134160041809},"size":3.5280165672302248,"orthographic":false}