{"cameraMode":{"drawMode":0,"name":"Shaded","section":"Shading Mode"},"sceneLighting":false,"audioPlay":false,"sceneViewState":{"m_AlwaysRefresh":false,"showFog":false,"showSkybox":false,"showFlares":false,"showImageEffects":false,"showParticleSystems":false,"showVisualEffectGraphs":true,"m_FxEnabled":true},"in2DMode":false,"pivot":{"x":-0.19175754487514497,"y":-0.012325704097747803,"z":-2.5250680446624758},"rotation":{"x":0.004556952975690365,"y":-0.9903460144996643,"z":0.13482899963855744,"w":0.033289242535829547},"size":1.538954734802246,"orthographic":false}