{"cameraMode":{"drawMode":0,"name":"Shaded","section":"Shading Mode"},"sceneLighting":false,"audioPlay":false,"sceneViewState":{"m_AlwaysRefresh":false,"showFog":false,"showSkybox":false,"showFlares":false,"showImageEffects":false,"showParticleSystems":false,"showVisualEffectGraphs":true,"m_FxEnabled":true},"in2DMode":false,"pivot":{"x":-0.04612251743674278,"y":0.3716602325439453,"z":0.009064972400665284},"rotation":{"x":0.0005119509296491742,"y":-0.9979644417762756,"z":0.06477107852697373,"w":0.006590306758880615},"size":0.38300448656082156,"orthographic":false}