{"cameraMode":{"drawMode":0,"name":"Shaded","section":"Shading Mode"},"sceneLighting":true,"audioPlay":false,"sceneViewState":{"m_AlwaysRefresh":false,"showFog":true,"showSkybox":false,"showFlares":true,"showImageEffects":true,"showParticleSystems":true,"showVisualEffectGraphs":true,"m_FxEnabled":true},"in2DMode":false,"pivot":{"x":0.16899999976158143,"y":0.23000499606132508,"z":-3.4519999027252199},"rotation":{"x":0.143984854221344,"y":-0.22759144008159638,"z":0.03405061364173889,"w":0.9624623656272888},"size":0.25981056690216067,"orthographic":false}