{"cameraMode":{"drawMode":0,"name":"Shaded","section":"Shading Mode"},"sceneLighting":true,"audioPlay":false,"sceneViewState":{"m_AlwaysRefresh":false,"showFog":true,"showSkybox":true,"showFlares":true,"showImageEffects":true,"showParticleSystems":true,"showVisualEffectGraphs":true,"m_FxEnabled":true},"in2DMode":false,"pivot":{"x":3.0060603618621828,"y":1.9005889892578126,"z":2.9138100147247316},"rotation":{"x":-0.04617299884557724,"y":0.7484117746353149,"z":-0.052403341978788379,"w":-0.6595780253410339},"size":1.8931269645690919,"orthographic":false}