{"cameraMode":{"drawMode":0,"name":"Shaded","section":"Shading Mode"},"sceneLighting":true,"audioPlay":false,"sceneViewState":{"m_AlwaysRefresh":false,"showFog":true,"showSkybox":true,"showFlares":true,"showImageEffects":true,"showParticleSystems":true,"showVisualEffectGraphs":true,"m_FxEnabled":true},"in2DMode":false,"pivot":{"x":0.10420967638492584,"y":0.4229360818862915,"z":0.7288819551467896},"rotation":{"x":-0.13789616525173188,"y":0.0032584350556135179,"z":-0.0003649358986876905,"w":-0.9906312227249146},"size":3.995203733444214,"orthographic":false}