{"cameraMode":{"drawMode":0,"name":"Shaded","section":"Shading Mode"},"sceneLighting":true,"audioPlay":false,"sceneViewState":{"m_AlwaysRefresh":false,"showFog":true,"showSkybox":true,"showFlares":true,"showImageEffects":true,"showParticleSystems":true,"showVisualEffectGraphs":true,"m_FxEnabled":true},"in2DMode":false,"pivot":{"x":-0.016409873962402345,"y":1.7111276388168336,"z":-0.8181376457214356},"rotation":{"x":0.03473367914557457,"y":-0.5134617686271668,"z":0.02080690488219261,"w":0.8571605682373047},"size":6.303577423095703,"orthographic":false}