{"cameraMode":{"drawMode":0,"name":"Shaded","section":"Shading Mode"},"sceneLighting":true,"audioPlay":false,"sceneViewState":{"m_AlwaysRefresh":false,"showFog":true,"showSkybox":true,"showFlares":true,"showImageEffects":true,"showParticleSystems":true,"showVisualEffectGraphs":true,"m_FxEnabled":true},"in2DMode":false,"pivot":{"x":-1.1283016204833985,"y":49.62751770019531,"z":59.25221633911133},"rotation":{"x":0.08653045445680618,"y":-0.6516709923744202,"z":0.07520712912082672,"w":0.7497902512550354},"size":3.2825162410736086,"orthographic":false}