{"cameraMode":{"drawMode":0,"name":"Shaded","section":"Shading Mode"},"sceneLighting":true,"audioPlay":false,"sceneViewState":{"m_AlwaysRefresh":false,"showFog":true,"showSkybox":true,"showFlares":true,"showImageEffects":true,"showParticleSystems":true,"showVisualEffectGraphs":true,"m_FxEnabled":true},"in2DMode":false,"pivot":{"x":0.24596315622329713,"y":0.4934806823730469,"z":-5.428658962249756},"rotation":{"x":-0.16001258790493012,"y":0.7347536683082581,"z":-0.18590021133422852,"w":-0.6324359178543091},"size":4.741889953613281,"orthographic":false}