{"cameraMode":{"drawMode":0,"name":"Shaded","section":"Shading Mode"},"sceneLighting":true,"audioPlay":false,"sceneViewState":{"m_AlwaysRefresh":false,"showFog":true,"showSkybox":true,"showFlares":true,"showImageEffects":true,"showParticleSystems":true,"showVisualEffectGraphs":true,"m_FxEnabled":true},"in2DMode":false,"pivot":{"x":-5.542442798614502,"y":-25.646053314208986,"z":72.05061340332031},"rotation":{"x":-0.17896346747875215,"y":0.026851877570152284,"z":-0.004886766895651817,"w":-0.9834797978401184},"size":40.40449905395508,"orthographic":false}