{"cameraMode":{"drawMode":0,"name":"Shaded","section":"Shading Mode"},"sceneLighting":true,"audioPlay":false,"sceneViewState":{"m_AlwaysRefresh":false,"showFog":true,"showSkybox":true,"showFlares":true,"showImageEffects":true,"showParticleSystems":true,"showVisualEffectGraphs":true,"m_FxEnabled":true},"in2DMode":false,"pivot":{"x":-1.5564014911651612,"y":2.439265251159668,"z":2.5143823623657228},"rotation":{"x":0.06968192011117935,"y":-0.14610746502876283,"z":0.010317682288587094,"w":0.9867581129074097},"size":4.887082576751709,"orthographic":false}