{"cameraMode":{"drawMode":0,"name":"Shaded","section":"Shading Mode"},"sceneLighting":false,"audioPlay":false,"sceneViewState":{"m_AlwaysRefresh":false,"showFog":false,"showSkybox":false,"showFlares":false,"showImageEffects":false,"showParticleSystems":false,"showVisualEffectGraphs":true,"m_FxEnabled":true},"in2DMode":false,"pivot":{"x":0.028705555945634843,"y":1.4512853622436524,"z":-0.7904850840568543},"rotation":{"x":0.0010661771520972252,"y":0.9973534941673279,"z":0.07162384688854218,"w":-0.0149762574583292},"size":1.1196656227111817,"orthographic":false}