{"cameraMode":{"drawMode":0,"name":"Shaded","section":"Shading Mode"},"sceneLighting":false,"audioPlay":false,"sceneViewState":{"m_AlwaysRefresh":false,"showFog":true,"showSkybox":false,"showFlares":true,"showImageEffects":true,"showParticleSystems":true,"showVisualEffectGraphs":true,"m_FxEnabled":true},"in2DMode":false,"pivot":{"x":-0.04999998211860657,"y":0.32595697045326235,"z":-0.429999977350235},"rotation":{"x":-0.10863933712244034,"y":0.6240847706794739,"z":-0.0882091298699379,"w":-0.7687489986419678},"size":0.8989557027816773,"orthographic":false}