{"cameraMode":{"drawMode":0,"name":"Shaded","section":"Shading Mode"},"sceneLighting":false,"audioPlay":false,"sceneViewState":{"m_AlwaysRefresh":false,"showFog":true,"showSkybox":false,"showFlares":true,"showImageEffects":true,"showParticleSystems":true,"showVisualEffectGraphs":true,"m_FxEnabled":true},"in2DMode":false,"pivot":{"x":1.2028030157089234,"y":0.2462809532880783,"z":0.06099182367324829},"rotation":{"x":-0.026496589183807374,"y":-0.6521149277687073,"z":0.022579127922654153,"w":-0.7576075792312622},"size":1.7573919296264649,"orthographic":false}