{"cameraMode":{"drawMode":0,"name":"Shaded","section":"Shading Mode"},"sceneLighting":true,"audioPlay":false,"sceneViewState":{"m_AlwaysRefresh":false,"showFog":true,"showSkybox":false,"showFlares":true,"showImageEffects":true,"showParticleSystems":true,"showVisualEffectGraphs":true,"m_FxEnabled":true},"in2DMode":false,"pivot":{"x":0.008634328842163086,"y":0.34796303510665896,"z":-3.4159560203552248},"rotation":{"x":-0.2932645380496979,"y":-0.488204687833786,"z":0.17842184007167817,"w":-0.8023988008499146},"size":0.393126904964447,"orthographic":false}