{"cameraMode":{"drawMode":0,"name":"Shaded","section":"Shading Mode"},"sceneLighting":true,"audioPlay":false,"sceneViewState":{"m_AlwaysRefresh":false,"showFog":true,"showSkybox":false,"showFlares":true,"showImageEffects":true,"showParticleSystems":true,"showVisualEffectGraphs":true,"m_FxEnabled":true},"in2DMode":false,"pivot":{"x":0.16899999976158143,"y":0.44000494480133059,"z":-3.4519999027252199},"rotation":{"x":-0.16367951035499574,"y":-0.47748246788978579,"z":0.09102631360292435,"w":-0.858463704586029},"size":0.693126916885376,"orthographic":false}