{"cameraMode":{"drawMode":0,"name":"Shaded","section":"Shading Mode"},"sceneLighting":false,"audioPlay":false,"sceneViewState":{"m_AlwaysRefresh":false,"showFog":true,"showSkybox":false,"showFlares":true,"showImageEffects":true,"showParticleSystems":true,"showVisualEffectGraphs":true,"m_FxEnabled":true},"in2DMode":false,"pivot":{"x":-1.1483814716339112,"y":0.14931201934814454,"z":-0.06607002019882202},"rotation":{"x":-0.07661668211221695,"y":0.7875036001205444,"z":-0.10003278404474259,"w":-0.6036487221717835},"size":1.307816743850708,"orthographic":false}