{"cameraMode":{"drawMode":0,"name":"Shaded","section":"Shading Mode"},"sceneLighting":false,"audioPlay":false,"sceneViewState":{"m_AlwaysRefresh":false,"showFog":true,"showSkybox":false,"showFlares":true,"showImageEffects":true,"showParticleSystems":true,"showVisualEffectGraphs":true,"m_FxEnabled":true},"in2DMode":false,"pivot":{"x":0.0072286417707800869,"y":-0.17214494943618775,"z":0.20067846775054933},"rotation":{"x":-0.16607022285461427,"y":-0.007109900936484337,"z":0.0011290106922388077,"w":-0.986305296421051},"size":0.8573920130729675,"orthographic":false}