{"cameraMode":{"drawMode":0,"name":"Shaded","section":"Shading Mode"},"sceneLighting":false,"audioPlay":false,"sceneViewState":{"m_AlwaysRefresh":false,"showFog":true,"showSkybox":false,"showFlares":true,"showImageEffects":true,"showParticleSystems":true,"showVisualEffectGraphs":true,"m_FxEnabled":true},"in2DMode":false,"pivot":{"x":0.21376454830169679,"y":-0.2537180185317993,"z":0.1468799114227295},"rotation":{"x":-0.19179338216781617,"y":-0.09232933819293976,"z":0.018055494874715806,"w":-0.9771358966827393},"size":1.1573920249938965,"orthographic":false}