{"cameraMode":{"drawMode":0,"name":"Shaded","section":"Shading Mode"},"sceneLighting":false,"audioPlay":false,"sceneViewState":{"m_AlwaysRefresh":false,"showFog":true,"showSkybox":false,"showFlares":true,"showImageEffects":true,"showParticleSystems":true,"showVisualEffectGraphs":true,"m_FxEnabled":true},"in2DMode":false,"pivot":{"x":-0.3325999975204468,"y":0.4185999035835266,"z":-0.20136621594429017},"rotation":{"x":0.0841526910662651,"y":0.7734431624412537,"z":-0.10504196584224701,"w":0.6194546222686768},"size":19.44304656982422,"orthographic":false}