{"cameraMode":{"drawMode":0,"name":"Shaded","section":"Shading Mode"},"sceneLighting":false,"audioPlay":false,"sceneViewState":{"m_AlwaysRefresh":false,"showFog":true,"showSkybox":false,"showFlares":true,"showImageEffects":true,"showParticleSystems":true,"showVisualEffectGraphs":true,"m_FxEnabled":true},"in2DMode":false,"pivot":{"x":0.25493568181991579,"y":0.12388335168361664,"z":0.2284458875656128},"rotation":{"x":-0.07375985383987427,"y":0.0002968335465993732,"z":-0.00009208970004692674,"w":-0.997490644454956},"size":0.8573920130729675,"orthographic":false}