{"cameraMode":{"drawMode":0,"name":"Shaded","section":"Shading Mode"},"sceneLighting":true,"audioPlay":false,"sceneViewState":{"m_AlwaysRefresh":false,"showFog":true,"showSkybox":false,"showFlares":true,"showImageEffects":true,"showParticleSystems":true,"showVisualEffectGraphs":true,"m_FxEnabled":true},"in2DMode":false,"pivot":{"x":5.917695045471191,"y":1.3131160736083985,"z":2.0216128826141359},"rotation":{"x":-0.19763344526290894,"y":0.22160522639751435,"z":-0.04591510444879532,"w":-0.9538277387619019},"size":3.6349997520446779,"orthographic":false}