{"cameraMode":{"drawMode":0,"name":"Shaded","section":"Shading Mode"},"sceneLighting":false,"audioPlay":false,"sceneViewState":{"m_AlwaysRefresh":false,"showFog":false,"showSkybox":false,"showFlares":false,"showImageEffects":false,"showParticleSystems":false,"showVisualEffectGraphs":true,"m_FxEnabled":true},"in2DMode":false,"pivot":{"x":0.05189576745033264,"y":0.37798571586608889,"z":-0.025163114070892335},"rotation":{"x":-0.0007180380052886903,"y":-0.9892410039901733,"z":0.14679168164730073,"w":-0.005343778524547815},"size":0.4313214123249054,"orthographic":false}